Año,Municipio,Area Sembrada,Area Cosechada,Produccion (ton),Rendimiento (ha/ton)
2007,AGUA DE DIOS,17.1,17.1,2.56,0.15
2007,ALBAN,508.9,458.73,513.07,1.12
2007,ANAPOIMA,237.39,224.36,92.19,0.41
2007,ANOLAIMA,1228.46,1137.17,621.59,0.55
2007,APULO,115.52,113.68,50.18,0.44
2007,ARBELAEZ,696.92,649.34,230.4,0.35
2007,BELTRAN,115.92,109.58,68.45,0.62
2007,BITUIMA,543.84,514.32,264.42,0.51
2007,CABRERA,17.5,14.95,3.56,0.24
2007,CACHIPAY,1023.11,962.82,762.02,0.79
2007,CAPARRAPI,1326.31,1214.04,1184.89,0.98
2007,CAQUEZA,17.23,5.21,1.79,0.34
2007,CHAGUANI,1352.97,1217.19,1118.37,0.92
2007,EL COLEGIO,2041.28,1874.38,1199.09,0.64
2007,EL PEÑON,623.32,528.68,580.76,1.1
2007,FOSCA,20.33,12.3,11.39,0.93
2007,FUSAGASUGA,757.37,718.56,341.41,0.48
2007,GACHALA,0.1,0.1,0.01,0.09
2007,GACHETA,160.68,145.87,16.11,0.11
2007,GAMA,31.8,19.98,2.17,0.11
2007,GUADUAS,1267.61,1090.65,1067.5,0.98
2007,GUAYABAL DE SIQUIMA,1238.85,1160.75,629.44,0.54
2007,GUAYABETAL,20.98,0.0,0.0,0.0
2007,JERUSALEN,198.09,186.01,105.27,0.57
2007,JUNIN,42.32,34.9,3.81,0.11
2007,LA MESA,1334.86,1215.85,782.15,0.64
2007,LA PALMA,1818.29,1552.71,1752.33,1.13
2007,LA PEÑA,241.27,200.65,183.0,0.91
2007,LA VEGA,1096.22,924.74,1069.59,1.16
2007,MACHETA,79.96,30.11,4.0,0.13
2007,MANTA,110.15,107.73,11.27,0.1
2007,MEDINA,172.74,166.0,97.36,0.59
2007,NILO,786.16,740.66,561.18,0.76
2007,NIMAIMA,65.8,64.73,43.2,0.67
2007,NOCAIMA,59.23,48.01,49.32,1.03
2007,PACHO,1272.7,1055.98,1103.25,1.04
2007,PAIME,1107.68,1010.74,819.48,0.81
2007,PANDI,530.03,490.88,205.11,0.42
2007,PASCA,7.8,5.8,1.8399999999999999,0.32
2007,PULI,1209.7,1132.14,709.05,0.63
2007,QUEBRADANEGRA,118.57,106.11,81.51,0.77
2007,QUETAME,159.13,99.47,37.24,0.37
2007,QUIPILE,2019.69,1883.71,823.11,0.44
2007,SAN ANTONIO DEL TEQUENDAMA,552.74,505.39,260.4,0.52
2007,SAN BERNARDO,396.47,375.68,176.36,0.47
2007,SAN CAYETANO,754.32,620.49,744.63,1.2
2007,SAN FRANCISCO,645.88,545.22,544.73,1.0
2007,SAN JUAN DE RIOSECO,2997.41,2719.73,2018.13,0.74
2007,SASAIMA,1299.35,1139.41,1275.71,1.12
2007,SILVANIA,645.36,591.11,363.29,0.61
2007,SUPATA,1180.98,949.86,1169.73,1.23
2007,TENA,578.39,555.39,258.75,0.47
2007,TIBACUY,1276.76,1178.08,584.8,0.5
2007,TIBIRITA,38.53,10.76,2.24,0.21
2007,TOCAIMA,393.64,369.34,168.22,0.46
2007,TOPAIPI,827.79,704.9,734.95,1.04
2007,UBALA,9.26,6.1,1.33,0.22
2007,VENECIA,617.04,554.54,224.92,0.41
2007,VERGARA,1366.46,1123.58,1253.95,1.12
2007,VIANI,1147.8,1042.05,814.92,0.78
2007,VILLAGOMEZ,272.95,226.13,166.39,0.74
2007,VILLETA,212.08,189.89,133.87,0.7
2007,VIOTA,5075.37,4469.94,3729.96,0.83
2007,YACOPI,1981.08,1770.39,1831.17,1.03
2007,ZIPACON,132.15,122.63,66.27,0.54
2008,AGUA DE DIOS,17.1,17.1,2.56,0.15
2008,ALBAN,515.3,449.65,497.51,1.11
2008,ANAPOIMA,244.87,234.66,104.03,0.44
2008,ANOLAIMA,1240.26,1125.73,665.02,0.59
2008,APULO,124.2,120.23,45.18,0.38
2008,ARBELAEZ,700.64,640.18,256.65,0.4
2008,BELTRAN,118.66,112.36,74.18,0.66
2008,BITUIMA,577.87,547.18,292.34,0.53
2008,CABRERA,17.5,16.05,4.04,0.25
2008,CACHIPAY,1056.55,974.82,793.21,0.81
2008,CAPARRAPI,1355.77,1240.08,1205.25,0.97
2008,CAQUEZA,20.88,18.38,16.71,0.91
2008,CHAGUANI,1368.83,1202.45,1141.78,0.95
2008,EL COLEGIO,1960.58,1786.35,1092.09,0.61
2008,EL PEÑON,633.99,556.38,606.3,1.09
2008,FOMEQUE,19.46,0.4,0.36,0.9
2008,FOSCA,22.44,12.3,4.48,0.36
2008,FUSAGASUGA,790.12,732.06,365.72,0.5
2008,GACHALA,3.36,0.1,0.01,0.09
2008,GACHETA,206.02,173.77,23.67,0.14
2008,GAMA,36.85,34.35,9.97,0.29
2008,GUADUAS,1274.02,1093.65,1090.59,1.0
2008,GUAYABAL DE SIQUIMA,1283.99,1196.55,668.93,0.56
2008,GUAYABETAL,54.54,0.18,0.2,1.12
2008,JERUSALEN,208.28,192.02,1137.68,5.92
2008,JUNIN,64.01,34.9,37.85,1.08
2008,LA MESA,1358.03,1239.76,8264.54,6.67
2008,LA PALMA,1851.45,1598.06,1789.83,1.12
2008,LA PEÑA,256.82,221.04,2108.32,9.54
2008,LA VEGA,1103.52,925.57,1092.17,1.18
2008,MACHETA,119.38,65.72,170.87,2.6
2008,MANTA,138.18,107.73,112.74,1.05
2008,MEDINA,172.74,172.74,969.71,5.61
2008,NILO,787.22,687.01,5257.3,7.65
2008,NIMAIMA,65.54,62.07,442.78,7.13
2008,NOCAIMA,66.39,55.1,592.25,10.75
2008,PACHO,1278.49,1064.85,11231.73,10.55
2008,PAIME,1111.13,981.45,8046.61,8.2
2008,PANDI,530.59,519.48,2223.25,4.28
2008,PASCA,14.26,2.9,8.54,2.95
2008,PULI,1211.54,1144.47,7417.05,6.48
2008,QUEBRADANEGRA,119.55,112.73,90.61,0.8
2008,QUETAME,208.49,171.58,55.75,0.32
2008,QUIPILE,2021.69,1871.73,874.46,0.47
2008,SAN ANTONIO DEL TEQUENDAMA,550.14,500.16,278.32,0.56
2008,SAN BERNARDO,388.81,358.93,185.33,0.52
2008,SAN CAYETANO,780.31,652.23,791.66,1.21
2008,SAN FRANCISCO,603.9,517.37,541.74,1.05
2008,SAN JUAN DE RIOSECO,3025.15,2741.24,2095.88,0.76
2008,SASAIMA,1323.96,1104.96,1229.29,1.11
2008,SILVANIA,639.8,573.6,370.15,0.65
2008,SUPATA,1246.58,996.43,1242.97,1.25
2008,TENA,575.42,544.48,264.91,0.49
2008,TIBACUY,1273.75,1161.91,595.47,0.51
2008,TIBIRITA,55.54,32.87,13.59,0.41
2008,TOCAIMA,395.09,384.43,195.75,0.51
2008,TOPAIPI,861.27,745.71,783.39,1.05
2008,UBALA,32.83,14.01,3.76,0.27
2008,VENECIA,625.79,588.69,246.04,0.42
2008,VERGARA,1380.49,1123.26,1303.49,1.16
2008,VIANI,1170.28,1076.72,865.04,0.8
2008,VILLAGOMEZ,275.21,242.02,179.62,0.74
2008,VILLETA,216.31,201.18,160.77,0.8
2008,VIOTA,5114.66,4668.43,4107.55,0.88
2008,YACOPI,1986.17,1767.84,1842.49,1.04
2008,ZIPACON,136.53,121.01,72.75,0.6
2009,AGUA DE DIOS,17.1,17.1,2.56,0.15
2009,ALBAN,516.3,466.7,520.83,1.12
2009,ANAPOIMA,244.42,238.67,109.32,0.46
2009,ANOLAIMA,1270.62,1188.49,732.84,0.62
2009,APULO,128.57,120.63,46.33,0.38
2009,ARBELAEZ,717.76,676.2,305.24,0.45
2009,BELTRAN,118.47,108.33,79.33,0.73
2009,BITUIMA,589.79,554.59,298.28,0.54
2009,CABRERA,27.64,18.78,7.8,0.42
2009,CACHIPAY,1071.76,990.11,815.95,0.82
2009,CAPARRAPI,1111.71,1021.08,1118.52,1.1
2009,CAQUEZA,27.8,20.51,22.15,1.08
2009,CHAGUANI,1309.31,1173.63,1174.77,1.0
2009,CHOACHI,1.58,0.5,0.19,0.38
2009,EL COLEGIO,1930.6,1765.05,1109.57,0.63
2009,EL PEÑON,636.08,574.39,655.03,1.1400000000000001
2009,FOMEQUE,40.62,4.15,3.75,0.9
2009,FOSCA,22.44,22.44,10.58,0.47
2009,FUSAGASUGA,816.32,733.86,377.05,0.51
2009,GACHALA,19.52,0.3,0.23,0.78
2009,GACHETA,253.59,227.42,54.42,0.24
2009,GAMA,52.5,41.35,22.9,0.55
2009,GUADUAS,1306.35,1120.24,1190.15,1.06
2009,GUAYABAL DE SIQUIMA,1319.6,1210.91,722.03,0.6
2009,GUAYABETAL,77.78,30.15,23.89,0.79
2009,GUTIERREZ,15.45,9.4,1.15,0.12
2009,JERUSALEN,222.18,202.83,118.54,0.58
2009,JUNIN,81.37,68.54,29.6,0.43
2009,LA MESA,1377.79,1281.76,883.19,0.69
2009,LA PALMA,1765.76,1506.2,1828.27,1.21
2009,LA PEÑA,245.51,216.15,219.7,1.02
2009,LA VEGA,1050.64,897.96,1158.93,1.29
2009,MACHETA,146.56,107.71,73.99,0.69
2009,MANTA,163.21,124.3,19.37,0.16
2009,MEDINA,198.72,168.42,100.5,0.6
2009,NILO,779.11,666.9,529.48,0.79
2009,NIMAIMA,42.98,39.85,34.01,0.85
2009,NOCAIMA,71.04,61.29,67.04,1.09
2009,PACHO,1263.78,1071.88,1208.22,1.13
2009,PAIME,1119.29,970.85,873.95,0.9
2009,PANDI,541.01,518.65,249.01,0.48
2009,PASCA,16.91,5.83,2.26,0.39
2009,PULI,1158.74,1107.94,772.76,0.7
2009,QUEBRADANEGRA,125.5,114.85,102.14,0.89
2009,QUETAME,226.25,195.49,84.41,0.43
2009,QUIPILE,2010.94,1875.62,931.31,0.5
2009,SAN ANTONIO DEL TEQUENDAMA,556.52,487.63,293.03,0.6
2009,SAN BERNARDO,392.47,376.86,215.83,0.57
2009,SAN CAYETANO,791.43,681.32,852.52,1.25
2009,SAN FRANCISCO,588.16,510.04,594.25,1.17
2009,SAN JUAN DE RIOSECO,2996.58,2707.28,2295.05,0.85
2009,SASAIMA,1295.41,1114.29,1274.57,1.1400000000000001
2009,SILVANIA,631.77,576.43,383.42,0.67
2009,SUPATA,1263.06,1081.77,1437.87,1.33
2009,TENA,560.08,521.16,255.72,0.49
2009,TIBACUY,1268.66,1148.19,619.9,0.54
2009,TIBIRITA,87.47,56.5,26.16,0.46
2009,TOCAIMA,396.4,384.33,194.39,0.51
2009,TOPAIPI,837.02,709.93,822.6,1.16
2009,UBALA,58.25,30.11,20.03,0.67
2009,UBAQUE,15.77,3.19,4.93,1.54
2009,VENECIA,631.52,596.47,282.07,0.47
2009,VERGARA,1333.46,1081.41,1358.77,1.26
2009,VIANI,1192.37,1097.17,917.46,0.84
2009,VILLAGOMEZ,275.94,241.72,203.76,0.84
2009,VILLETA,229.19,203.39,179.61,0.88
2009,VIOTA,5171.35,4776.0,4359.24,0.91
2009,YACOPI,1617.23,1422.13,1754.4,1.23
2009,ZIPACON,140.22,130.52,80.97,0.62
2010,AGUA DE DIOS,6.6,6.6,1.4,0.21
2010,ALBAN,513.72,455.15,496.8,1.09
2010,ANAPOIMA,251.16,244.25,114.1,0.47
2010,ANOLAIMA,1293.61,1189.32,730.3,0.61
2010,APULO,127.81,121.51,49.9,0.41
2010,ARBELAEZ,677.92,625.31,319.6,0.51
2010,BELTRAN,122.26,116.95,80.1,0.68
2010,BITUIMA,599.73,555.84,288.8,0.52
2010,CABRERA,30.59,18.04,7.0,0.39
2010,CACHIPAY,1035.01,933.88,788.5,0.84
2010,CAPARRAPI,1163.36,1043.56,1070.2,1.03
2010,CAQUEZA,43.88,21.66,25.6,1.18
2010,CHAGUANI,1314.76,1211.71,1187.4,0.98
2010,CHOACHI,11.69,1.1,3.1,2.82
2010,EL COLEGIO,1883.18,1728.91,1131.1,0.65
2010,EL PEÑON,640.36,587.3,640.2,1.09
2010,FOMEQUE,52.43,24.86,4.9,0.2
2010,FOSCA,22.54,22.44,16.0,0.71
2010,FUSAGASUGA,840.36,746.16,391.0,0.52
2010,GACHALA,35.49,7.04,3.8,0.54
2010,GACHETA,261.03,248.89,68.5,0.28
2010,GAMA,57.23,45.05,24.0,0.53
2010,GUADUAS,1446.99,1248.46,1221.4,0.98
2010,GUAYABAL DE SIQUIMA,1381.7,1282.97,766.5,0.6
2010,GUAYABETAL,89.29,58.3,61.4,1.05
2010,GUTIERREZ,40.72,13.03,4.6,0.35
2010,JERUSALEN,232.56,207.73,122.2,0.59
2010,JUNIN,93.76,68.25,29.5,0.43
2010,LA MESA,1366.17,1271.76,914.4,0.72
2010,LA PALMA,1816.72,1573.6,1779.0,1.13
2010,LA PEÑA,262.15,238.32,230.7,0.97
2010,LA VEGA,1111.79,977.88,1159.1,1.19
2010,MACHETA,161.75,131.09,116.7,0.89
2010,MANTA,171.68,140.93,35.3,0.25
2010,MEDINA,225.19,174.85,100.5,0.57
2010,NILO,773.29,679.85,551.9,0.81
2010,NIMAIMA,47.76,43.69,32.0,0.73
2010,NOCAIMA,66.8,61.65,64.7,1.05
2010,PACHO,1295.62,1150.67,1215.0,1.06
2010,PAIME,1128.7,972.86,859.0,0.88
2010,PANDI,512.47,463.91,235.3,0.51
2010,PASCA,16.98,14.25,11.8,0.83
2010,PULI,1177.82,1095.31,758.9,0.69
2010,QUEBRADANEGRA,135.26,124.33,105.7,0.85
2010,QUETAME,232.73,200.72,112.7,0.56
2010,QUIPILE,1996.21,1856.52,936.7,0.5
2010,SAN ANTONIO DEL TEQUENDAMA,576.88,497.36,299.1,0.6
2010,SAN BERNARDO,399.17,360.32,217.0,0.6
2010,SAN CAYETANO,762.04,677.71,841.3,1.24
2010,SAN FRANCISCO,613.01,558.97,634.9,1.1400000000000001
2010,SAN JUAN DE RIOSECO,3013.7,2738.97,2291.5,0.84
2010,SASAIMA,1306.0,1133.44,1284.0,1.13
2010,SILVANIA,642.02,594.05,430.2,0.72
2010,SUPATA,1252.58,1133.28,1502.0,1.33
2010,TENA,567.32,527.66,258.8,0.49
2010,TIBACUY,1282.84,1201.85,664.3,0.55
2010,TIBIRITA,103.99,70.23,46.3,0.66
2010,TOCAIMA,398.0,377.48,191.6,0.51
2010,TOPAIPI,817.98,686.88,789.8,1.15
2010,UBALA,65.64,40.26,32.0,0.79
2010,UBAQUE,29.11,4.7,5.1,1.09
2010,VENECIA,606.92,554.74,287.6,0.52
2010,VERGARA,1426.84,1212.06,1400.1,1.16
2010,VIANI,1186.0,1099.41,908.5,0.83
2010,VILLAGOMEZ,293.17,250.82,204.8,0.82
2010,VILLETA,235.02,212.01,179.2,0.85
2010,VIOTA,5144.09,4620.45,4208.6,0.91
2010,YACOPI,1726.97,1577.24,1586.0,1.01
2010,ZIPACON,139.66,127.81,84.8,0.66
2011,ALBAN,529.0,488.0,732.0,1.5
2011,ANAPOIMA,247.0,245.0,116.0,0.47
2011,ANOLAIMA,1300.0,1168.0,710.0,0.61
2011,APULO,130.0,122.0,60.0,0.49
2011,ARBELAEZ,369.0,156.0,187.2,1.2
2011,BELTRAN,92.2,60.0,60.0,1.0
2011,BITUIMA,564.0,524.0,340.0,0.65
2011,CABRERA,47.59,22.59,18.07,0.8
2011,CACHIPAY,1378.0,1041.0,850.0,0.82
2011,CAPARRAPI,1316.0,933.0,933.0,1.0
2011,CAQUEZA,65.38,19.38,38.76,2.0
2011,CHAGUANI,1084.0,964.0,602.0,0.62
2011,CHOACHI,27.0,25.0,30.0,1.2
2011,EL COLEGIO,1756.0,1457.0,1200.0,0.82
2011,EL PEÑON,531.0,469.0,388.0,0.83
2011,FOMEQUE,75.0,20.0,26.0,1.3
2011,FOSCA,33.0,22.44,10.55,0.47
2011,FUSAGASUGA,880.36,800.0,640.0,0.8
2011,GACHALA,56.81,19.0,28.5,1.5
2011,GACHETA,175.0,55.0,38.5,0.7
2011,GAMA,58.5,36.1,18.05,0.5
2011,GUADUAS,1280.0,1000.0,1000.0,1.0
2011,GUAYABAL DE SIQUIMA,1424.0,1376.0,698.0,0.51
2011,GUAYABETAL,162.78,90.0,120.0,1.33
2011,GUTIERREZ,44.0,10.0,2.0,0.2
2011,JERUSALEN,200.0,160.0,96.0,0.6
2011,JUNIN,92.37,72.37,55.72,0.77
2011,LA MESA,1388.0,1278.0,940.0,0.74
2011,LA PALMA,1495.72,1365.0,1638.0,1.2
2011,LA PEÑA,232.15,152.15,121.72,0.8
2011,LA VEGA,1004.0,905.0,905.0,1.0
2011,MACHETA,155.0,116.0,139.0,1.2
2011,MANTA,151.0,111.0,66.6,0.6
2011,MEDINA,155.0,80.0,80.0,1.0
2011,NILO,721.29,70.1,75.0,1.07
2011,NIMAIMA,64.0,60.0,48.0,0.8
2011,NOCAIMA,67.0,60.0,61.0,1.02
2011,PACHO,1458.0,1263.0,1136.7,0.9
2011,PAIME,1246.29,1137.29,1227.0,1.08
2011,PANDI,275.2,235.0,175.0,0.74
2011,PARATEBUENO,10.0,2.0,1.6,0.8
2011,PASCA,17.0,14.0,13.0,0.93
2011,PULI,928.53,695.77,670.0,0.96
2011,QUEBRADANEGRA,136.0,125.0,75.0,0.6
2011,QUETAME,173.0,128.0,34.0,0.27
2011,QUIPILE,2035.0,1750.0,1150.0,0.66
2011,SAN ANTONIO DEL TEQUENDAMA,560.0,490.0,300.0,0.61
2011,SAN BERNARDO,400.0,350.0,220.0,0.63
2011,SAN CAYETANO,831.0,791.0,988.75,1.25
2011,SAN FRANCISCO,590.5,515.29,257.64,0.5
2011,SAN JUAN DE RIOSECO,2618.76,2304.5,1843.6,0.8
2011,SASAIMA,1300.0,450.0,500.0,1.11
2011,SILVANIA,686.0,526.0,33.8,0.06
2011,SUPATA,1444.18,908.0,675.0,0.74
2011,TENA,604.0,584.0,286.16,0.49
2011,TIBACUY,146.0,12.0,5.4,0.45
2011,TIBIRITA,107.0,88.49,120.0,1.3599999999999999
2011,TOCAIMA,390.0,370.0,185.0,0.5
2011,TOPAIPI,1188.2,1065.2,1278.24,1.2
2011,UBALA,78.95,31.2,12.48,0.4
2011,UBAQUE,27.0,5.0,5.5,1.1
2011,VENECIA,648.0,610.0,549.0,0.9
2011,VERGARA,1500.0,1210.0,1694.0,1.4
2011,VIANI,998.0,166.0,115.0,0.69
2011,VILLAGOMEZ,72.0,20.0,24.0,1.2
2011,VILLETA,203.02,80.0,68.8,0.86
2011,VIOTA,5001.0,4900.0,5000.0,1.02
2011,YACOPI,1000.0,1000.0,1000.0,1.0
2011,ZIPACON,100.0,100.0,63.0,0.63
2012,ALBAN,544.0,479.0,479.0,1.0
2012,ANAPOIMA,107.0,107.0,53.5,0.5
2012,ANOLAIMA,1300.0,1168.0,710.0,0.61
2012,APULO,130.0,125.0,60.0,0.48
2012,ARBELAEZ,369.0,327.0,392.4,1.2
2012,BELTRAN,70.0,60.0,54.0,0.9
2012,BITUIMA,513.0,473.0,473.0,1.0
2012,CABRERA,50.59,45.59,45.59,1.0
2012,CACHIPAY,839.0,824.0,659.2,0.8
2012,CAPARRAPI,695.0,443.0,424.0,0.96
2012,CAQUEZA,86.0,68.0,51.0,0.75
2012,CHAGUANI,1061.32,1032.62,330.22,0.32
2012,CHIPAQUE,2.0,0.0,0.0,0.0
2012,EL COLEGIO,1646.6,1398.4,1258.56,0.9
2012,EL PEÑON,658.0,656.0,656.0,1.0
2012,FOMEQUE,90.0,32.0,12.8,0.4
2012,FOSCA,43.44,31.44,12.58,0.4
2012,FUSAGASUGA,910.36,855.36,684.29,0.8
2012,GACHALA,76.81,8.0,6.4,0.8
2012,GACHETA,215.0,95.0,76.0,0.8
2012,GAMA,64.5,39.5,19.75,0.5
2012,GUADUAS,2600.0,1730.0,1876.0,1.08
2012,GUAYABAL DE SIQUIMA,1069.9,978.0,593.2,0.61
2012,GUAYABETAL,192.78,22.78,22.78,1.0
2012,GUTIERREZ,53.0,0.0,0.0,0.0
2012,JERUSALEN,215.0,65.0,39.0,0.6
2012,JUNIN,99.37,69.37,53.41,0.77
2012,LA MESA,1262.5,1197.0,1316.7,1.1
2012,LA PALMA,1290.0,1090.0,817.5,0.75
2012,LA PEÑA,257.0,247.0,234.65,0.95
2012,LA VEGA,982.0,837.0,935.0,1.12
2012,MACHETA,164.7,154.7,137.2,0.89
2012,MANTA,173.0,107.0,64.2,0.6
2012,MEDINA,64.8,41.0,41.0,1.0
2012,NILO,719.29,719.0,539.25,0.75
2012,NIMAIMA,42.68,36.78,27.59,0.75
2012,NOCAIMA,69.0,54.0,23.76,0.44
2012,PACHO,1568.0,1378.0,1378.0,1.0
2012,PAIME,1121.0,291.0,218.25,0.75
2012,PANDI,440.5,247.5,247.5,1.0
2012,PARATEBUENO,13.5,5.0,4.0,0.8
2012,PULI,924.53,750.57,600.46,0.8
2012,QUEBRADANEGRA,95.0,77.0,42.35,0.55
2012,QUETAME,142.04,107.04,44.36,0.41
2012,QUIPILE,1710.0,1050.0,525.0,0.5
2012,SAN ANTONIO DEL TEQUENDAMA,579.6,542.0,406.5,0.75
2012,SAN BERNARDO,85.0,0.0,0.0,0.0
2012,SAN CAYETANO,715.0,708.0,849.6,1.2
2012,SAN FRANCISCO,595.0,543.96,407.97,0.75
2012,SAN JUAN DE RIOSECO,2790.0,2710.0,2168.0,0.8
2012,SASAIMA,1280.0,704.0,528.0,0.75
2012,SILVANIA,669.0,603.0,150.75,0.25
2012,SUPATA,1134.0,1014.0,638.82,0.63
2012,TENA,470.2,453.5,340.13,0.75
2012,TIBACUY,1267.0,1123.0,561.5,0.5
2012,TIBIRITA,127.0,81.5,61.13,0.75
2012,TOCAIMA,390.0,370.0,185.0,0.5
2012,TOPAIPI,1188.2,1065.2,1278.24,1.2
2012,UBALA,109.45,40.25,24.15,0.6
2012,UBAQUE,37.0,10.0,7.5,0.75
2012,VENECIA,358.0,243.0,133.65,0.55
2012,VERGARA,1595.0,1335.0,1001.25,0.75
2012,VIANI,998.0,166.0,124.5,0.75
2012,VILLAGOMEZ,79.0,53.0,21.2,0.4
2012,VILLETA,219.0,170.0,170.0,1.0
2012,VIOTA,4390.0,4380.0,4161.0,0.95
2012,YACOPI,1370.2,1256.0,1256.0,1.0
2012,ZIPACON,83.0,81.0,72.09,0.89
2013,AGUA DE DIOS,2.7,2.7,1.73,0.64
2013,ALBAN,404.95,341.07,218.71,0.64
2013,ANAPOIMA,138.04,129.38,58.07,0.45
2013,ANOLAIMA,1064.67,942.38,604.3,0.64
2013,APULO,58.78,47.33,30.35,0.64
2013,ARBELAEZ,538.32,484.24,372.62,0.77
2013,BELTRAN,71.27,59.78,34.5,0.58
2013,BITUIMA,488.54,407.15,261.08,0.64
2013,CABRERA,35.37,30.42,15.61,0.51
2013,CACHIPAY,872.77,767.36,307.05,0.4
2013,CAPARRAPI,682.83,576.52,369.69,0.64
2013,CAQUEZA,91.89,65.97,84.61,1.28
2013,CHAGUANI,1115.74,984.08,482.41,0.49
2013,CHOACHI,38.86,18.38,9.01,0.49
2013,EL COLEGIO,1738.44,1584.84,914.64,0.58
2013,EL PEÑON,498.67,465.22,234.84,0.5
2013,FOMEQUE,121.43,86.77,48.41,0.56
2013,FOSCA,38.06,25.06,18.23,0.73
2013,FUSAGASUGA,732.8,622.15,446.68,0.72
2013,GACHALA,71.43,48.21,18.55,0.38
2013,GACHETA,330.03,294.51,151.08,0.51
2013,GAMA,79.15,65.55,32.13,0.49
2013,GUADUAS,1286.68,1055.78,812.42,0.77
2013,GUAYABAL DE SIQUIMA,1156.16,1012.84,395.07,0.39
2013,GUAYABETAL,227.04,143.07,183.49,1.28
2013,GUTIERREZ,68.8,54.11,52.05,0.96
2013,JERUSALEN,185.35,160.12,61.61,0.38
2013,JUNIN,137.61,120.13,59.32,0.49
2013,LA MESA,1197.37,1040.81,620.69,0.6
2013,LA PALMA,1357.54,1108.82,924.33,0.83
2013,LA PEÑA,179.68,158.95,96.83,0.61
2013,LA VEGA,831.97,715.49,514.38,0.72
2013,MACHETA,175.03,146.4,112.65,0.77
2013,MANTA,215.35,183.78,188.56,1.03
2013,MEDINA,283.2,229.8,147.36,0.64
2013,NILO,683.04,590.32,454.25,0.77
2013,NIMAIMA,40.75,34.7,33.38,0.96
2013,NOCAIMA,67.46,62.17,47.84,0.77
2013,PACHO,1083.11,935.15,839.52,0.9
2013,PAIME,906.52,724.35,510.93,0.71
2013,PANDI,320.37,270.65,173.55,0.64
2013,PARATEBUENO,2.1,1.1,0.56,0.51
2013,PASCA,23.56,17.42,11.17,0.64
2013,PULI,829.21,733.56,371.61,0.51
2013,QUEBRADANEGRA,95.57,88.17,43.22,0.49
2013,QUETAME,236.79,207.26,180.47,0.87
2013,QUIPILE,1711.19,1557.07,1996.93,1.28
2013,SAN ANTONIO DEL TEQUENDAMA,624.04,549.86,528.89,0.96
2013,SAN BERNARDO,310.7,276.21,177.12,0.64
2013,SAN CAYETANO,746.23,678.8,478.8,0.71
2013,SAN FRANCISCO,612.85,517.69,414.96,0.8
2013,SAN JUAN DE RIOSECO,2544.05,2236.31,1147.22,0.51
2013,SASAIMA,1104.54,974.59,687.45,0.71
2013,SILVANIA,618.88,534.61,262.08,0.49
2013,SUPATA,1028.48,886.71,363.9,0.41
2013,TENA,517.12,461.07,413.92,0.9
2013,TIBACUY,1143.0,1031.19,991.87,0.96
2013,TIBIRITA,164.49,120.55,131.41,1.09
2013,TOCAIMA,161.25,151.46,97.12,0.64
2013,TOPAIPI,662.64,569.11,729.88,1.28
2013,UBALA,124.7,58.56,22.53,0.38
2013,UBAQUE,86.93,62.35,35.98,0.58
2013,VENECIA,493.35,401.31,141.54,0.35
2013,VERGARA,1488.75,1219.08,1094.42,0.9
2013,VIANI,1140.65,976.74,501.06,0.51
2013,VILLAGOMEZ,206.48,186.84,95.85,0.51
2013,VILLETA,168.1,145.55,93.33,0.64
2013,VIOTA,4248.44,3637.72,2332.67,0.64
2013,YACOPI,1142.5,992.27,636.29,0.64
2013,ZIPACON,139.92,119.51,68.97,0.58
2014,ALBAN,369.81,315.95,219.07,0.69
2014,ANAPOIMA,103.46,93.11,45.19,0.49
2014,ANOLAIMA,1055.24,977.16,677.53,0.69
2014,APULO,56.23,48.39,33.55,0.69
2014,ARBELAEZ,477.6,450.94,375.2,0.83
2014,BELTRAN,59.44,56.99,35.56,0.62
2014,BITUIMA,439.21,375.32,260.24,0.69
2014,CABRERA,24.97,21.75,12.06,0.55
2014,CACHIPAY,880.9,803.11,347.48,0.43
2014,CAPARRAPI,577.91,476.37,330.3,0.69
2014,CAQUEZA,91.98,72.76,100.9,1.3900000000000001
2014,CHAGUANI,969.66,860.34,456.04,0.53
2014,CHOACHI,41.88,34.84,18.47,0.53
2014,EL COLEGIO,1515.08,1411.43,880.78,0.62
2014,EL PEÑON,351.8,318.97,174.1,0.55
2014,FOMEQUE,119.74,98.68,59.53,0.6
2014,FOSCA,38.25,29.25,23.01,0.79
2014,FUSAGASUGA,647.78,582.88,452.5,0.78
2014,GACHALA,72.47,57.54,23.94,0.42
2014,GACHETA,308.55,291.61,161.76,0.55
2014,GAMA,74.25,73.3,38.85,0.53
2014,GUADUAS,1212.29,1024.79,852.67,0.83
2014,GUAYABAL DE SIQUIMA,1046.96,946.01,399.0,0.42
2014,GUAYABETAL,208.19,168.62,233.83,1.3900000000000001
2014,GUTIERREZ,68.86,53.77,55.92,1.04
2014,JERUSALEN,161.69,140.53,58.46,0.42
2014,JUNIN,132.67,118.88,63.47,0.53
2014,LA MESA,1054.35,929.22,599.19,0.64
2014,LA PALMA,1169.78,967.24,871.85,0.9
2014,LA PEÑA,143.45,112.22,73.92,0.66
2014,LA VEGA,721.13,650.31,505.52,0.78
2014,MACHETA,170.36,151.26,125.86,0.83
2014,MANTA,209.71,195.16,216.51,1.11
2014,MEDINA,196.57,172.04,119.29,0.69
2014,NILO,645.56,541.14,450.25,0.83
2014,NIMAIMA,37.49,35.29,36.7,1.04
2014,NOCAIMA,59.44,53.37,44.41,0.83
2014,PACHO,967.18,840.0,815.4,0.97
2014,PAIME,778.09,662.51,505.3,0.76
2014,PANDI,295.25,264.49,183.39,0.69
2014,PARATEBUENO,8.11,5.61,3.11,0.55
2014,PASCA,16.68,14.88,10.32,0.69
2014,PULI,770.55,690.85,378.42,0.55
2014,QUEBRADANEGRA,74.66,69.63,36.91,0.53
2014,QUETAME,169.04,151.7,142.83,0.94
2014,QUIPILE,1623.44,1458.38,2022.4,1.3900000000000001
2014,SAN ANTONIO DEL TEQUENDAMA,575.93,523.49,544.46,1.04
2014,SAN BERNARDO,259.16,242.44,168.1,0.69
2014,SAN CAYETANO,643.61,577.62,440.56,0.76
2014,SAN FRANCISCO,608.04,519.36,450.14,0.87
2014,SAN JUAN DE RIOSECO,2409.7,2178.91,1208.63,0.55
2014,SASAIMA,901.67,773.96,590.31,0.76
2014,SILVANIA,493.11,443.33,234.99,0.53
2014,SUPATA,949.54,830.37,368.48,0.44
2014,TENA,434.68,410.65,398.63,0.97
2014,TIBACUY,1023.31,941.99,979.72,1.04
2014,TIBIRITA,170.0,141.16,166.39,1.18
2014,TOCAIMA,138.37,133.37,92.47,0.69
2014,TOPAIPI,607.28,528.91,733.46,1.3900000000000001
2014,UBALA,137.75,106.61,44.35,0.42
2014,UBAQUE,93.96,81.64,50.95,0.62
2014,VENECIA,418.77,377.6,144.0,0.38
2014,VERGARA,1363.6,1154.45,1120.65,0.97
2014,VIANI,1073.8,940.38,521.63,0.55
2014,VILLAGOMEZ,176.31,166.73,92.48,0.55
2014,VILLETA,136.04,114.92,79.68,0.69
2014,VIOTA,4047.21,3571.63,2476.47,0.69
2014,YACOPI,976.45,862.44,597.99,0.69
2014,ZIPACON,140.32,132.99,82.99,0.62
2015,ALBAN,368.87,324.99,334.5,1.03
2015,ANAPOIMA,100.29,91.95,73.41,0.8
2015,ANOLAIMA,1034.15,964.72,797.14,0.83
2015,APULO,55.03,52.35,44.29,0.85
2015,ARBELAEZ,485.8,462.84,348.26,0.75
2015,BELTRAN,58.89,55.91,51.36,0.92
2015,BITUIMA,441.45,381.86,364.83,0.96
2015,CABRERA,22.23,19.79,19.78,1.0
2015,CACHIPAY,882.2,810.13,677.17,0.84
2015,CAPARRAPI,570.2,481.36,517.8,1.08
2015,CAQUEZA,91.82,77.18,84.41,1.09
2015,CHAGUANI,981.52,878.37,834.84,0.95
2015,CHOACHI,43.27,39.04,40.31,1.03
2015,EL COLEGIO,1472.66,1368.42,1086.65,0.79
2015,EL PEÑON,356.14,311.36,298.95,0.96
2015,FOMEQUE,128.58,109.54,115.79,1.06
2015,FOSCA,40.83,33.75,34.24,1.01
2015,FUSAGASUGA,655.31,612.16,505.73,0.83
2015,GACHALA,84.63,68.88,78.42,1.1400000000000001
2015,GACHETA,312.19,294.35,173.8,0.59
2015,GAMA,80.99,75.29,61.14,0.81
2015,GUADUAS,1232.61,1082.57,1128.26,1.04
2015,GUAYABAL DE SIQUIMA,1015.06,943.29,741.78,0.79
2015,GUAYABETAL,219.97,190.02,211.87,1.11
2015,GUTIERREZ,63.85,58.39,59.44,1.02
2015,JERUSALEN,148.97,136.87,120.52,0.88
2015,JUNIN,130.22,123.0,86.01,0.7
2015,LA MESA,998.29,888.11,793.62,0.89
2015,LA PALMA,1203.65,992.12,1098.75,1.11
2015,LA PEÑA,144.36,121.05,128.76,1.06
2015,LA VEGA,649.87,607.21,582.37,0.96
2015,MACHETA,181.06,163.96,153.18,0.93
2015,MANTA,214.19,201.05,146.41,0.73
2015,MEDINA,198.16,183.07,161.79,0.88
2015,NILO,662.69,567.19,536.44,0.95
2015,NIMAIMA,34.34,33.44,30.95,0.93
2015,NOCAIMA,54.32,51.04,48.2,0.94
2015,PACHO,986.18,866.13,869.02,1.0
2015,PAIME,744.58,663.19,672.43,1.01
2015,PANDI,297.23,269.35,232.19,0.86
2015,PARATEBUENO,8.11,7.11,7.87,1.11
2015,PASCA,16.82,15.98,15.53,0.97
2015,PULI,763.94,702.52,589.88,0.84
2015,QUEBRADANEGRA,78.09,72.13,67.87,0.94
2015,QUETAME,167.11,156.56,133.48,0.85
2015,QUIPILE,1638.27,1485.18,1130.77,0.76
2015,SAN ANTONIO DEL TEQUENDAMA,534.86,494.91,440.42,0.89
2015,SAN BERNARDO,268.92,261.26,201.17,0.77
2015,SAN CAYETANO,633.12,552.88,534.18,0.97
2015,SAN FRANCISCO,621.09,542.35,554.93,1.02
2015,SAN JUAN DE RIOSECO,2398.86,2190.22,1947.19,0.89
2015,SASAIMA,891.74,773.76,807.1,1.04
2015,SILVANIA,516.73,478.17,405.14,0.85
2015,SUPATA,932.95,832.56,831.6,1.0
2015,TENA,437.06,418.59,310.55,0.74
2015,TIBACUY,1008.27,932.31,717.59,0.77
2015,TIBIRITA,180.94,159.9,160.2,1.0
2015,TOCAIMA,127.07,119.57,98.59,0.82
2015,TOPAIPI,618.86,554.84,548.96,0.99
2015,UBALA,151.05,125.53,138.3,1.1
2015,UBAQUE,97.23,90.11,92.77,1.03
2015,VENECIA,438.59,397.99,359.33,0.9
2015,VERGARA,1406.24,1207.44,1289.13,1.07
2015,VIANI,1040.06,940.36,848.9,0.9
2015,VILLAGOMEZ,152.21,142.7,138.72,0.97
2015,VILLETA,137.87,125.17,124.42,0.99
2015,VIOTA,4067.49,3647.83,3355.32,0.92
2015,YACOPI,994.58,882.94,870.72,0.99
2015,ZIPACON,141.6,135.33,99.69,0.74
2016,ALBAN,370.86,320.32,340.97,1.06
2016,ANAPOIMA,100.7,90.51,74.73,0.83
2016,ANOLAIMA,966.71,884.07,755.48,0.85
2016,APULO,53.99,50.35,44.06,0.88
2016,ARBELAEZ,474.06,442.77,344.55,0.78
2016,BELTRAN,59.7,55.56,52.79,0.95
2016,BITUIMA,446.9,378.97,374.45,0.99
2016,CABRERA,23.79,20.76,21.47,1.03
2016,CACHIPAY,861.93,775.95,670.78,0.86
2016,CAPARRAPI,552.65,457.37,508.81,1.11
2016,CAQUEZA,90.31,74.42,84.17,1.13
2016,CHAGUANI,933.82,819.24,805.28,0.98
2016,CHOACHI,45.48,40.23,42.96,1.07
2016,EL COLEGIO,1478.22,1346.57,1105.86,0.82
2016,EL PEÑON,389.39,333.73,331.39,0.99
2016,FOMEQUE,131.05,109.45,119.65,1.09
2016,FOSCA,40.4,32.74,34.34,1.05
2016,FUSAGASUGA,661.1,605.42,517.27,0.85
2016,GACHALA,84.63,67.53,79.51,1.18
2016,GACHETA,316.21,292.28,178.48,0.61
2016,GAMA,77.35,70.49,59.2,0.84
2016,GUADUAS,1233.12,1061.71,1144.37,1.08
2016,GUAYABAL DE SIQUIMA,976.17,889.3,723.25,0.81
2016,GUAYABETAL,241.05,204.13,235.39,1.15
2016,GUTIERREZ,61.25,54.91,57.8,1.05
2016,JERUSALEN,146.07,131.57,119.81,0.91
2016,JUNIN,130.69,121.02,87.51,0.72
2016,LA MESA,989.76,863.2,797.74,0.92
2016,LA PALMA,1197.47,967.61,1108.25,1.15
2016,LA PEÑA,153.45,126.14,138.77,1.1
2016,LA VEGA,614.85,563.19,558.62,0.99
2016,MACHETA,182.16,161.71,156.25,0.97
2016,MANTA,216.61,199.32,150.12,0.75
2016,MEDINA,204.18,184.92,169.02,0.91
2016,NILO,669.03,561.35,549.07,0.98
2016,NIMAIMA,33.99,32.45,31.06,0.96
2016,NOCAIMA,48.98,45.12,44.06,0.98
2016,PACHO,994.1,855.91,888.14,1.04
2016,PAIME,736.62,643.19,674.46,1.05
2016,PANDI,298.01,264.74,236.03,0.89
2016,PARATEBUENO,8.11,6.97,7.98,1.1400000000000001
2016,PASCA,17.95,16.72,16.8,1.0
2016,PULI,747.06,673.48,584.84,0.87
2016,QUEBRADANEGRA,81.03,73.37,71.4,0.97
2016,QUETAME,162.1,148.88,131.27,0.88
2016,QUIPILE,1626.63,1445.62,1138.29,0.79
2016,SAN ANTONIO DEL TEQUENDAMA,532.38,482.92,444.45,0.92
2016,SAN BERNARDO,271.36,258.44,205.8,0.8
2016,SAN CAYETANO,593.31,507.92,507.53,1.0
2016,SAN FRANCISCO,628.3,537.85,569.15,1.06
2016,SAN JUAN DE RIOSECO,2317.1,2073.95,1906.89,0.92
2016,SASAIMA,897.95,763.82,823.98,1.08
2016,SILVANIA,533.88,484.32,424.38,0.88
2016,SUPATA,920.88,805.62,832.22,1.03
2016,TENA,437.52,410.79,315.19,0.77
2016,TIBACUY,991.81,899.05,715.65,0.8
2016,TIBIRITA,184.3,159.67,165.43,1.04
2016,TOCAIMA,122.46,112.97,96.33,0.85
2016,TOPAIPI,632.35,555.78,568.7,1.02
2016,UBALA,164.17,133.75,152.4,1.1400000000000001
2016,UBAQUE,97.4,88.49,94.22,1.06
2016,VENECIA,442.46,393.6,367.52,0.93
2016,VERGARA,1417.84,1193.45,1317.77,1.1
2016,VIANI,1013.89,898.67,839.01,0.93
2016,VILLAGOMEZ,159.85,146.91,147.71,1.01
2016,VILLETA,140.18,124.76,128.26,1.03
2016,VIOTA,4100.76,3605.32,3429.64,0.95
2016,YACOPI,999.63,869.97,887.26,1.02
2016,ZIPACON,150.36,140.88,107.33,0.76
2017,ALBAN,357.46,312.73,395.29,1.26
2017,ANAPOIMA,74.91,70.21,59.16,0.84
2017,ANOLAIMA,916.33,843.68,1279.7,1.52
2017,APULO,52.16,51.11,43.07,0.84
2017,ARBELAEZ,472.25,440.47,334.05,0.76
2017,BELTRAN,56.22,50.21,42.31,0.84
2017,BITUIMA,449.92,407.98,343.79,0.84
2017,CABRERA,23.06,21.49,18.11,0.84
2017,CACHIPAY,769.55,697.12,939.91,1.35
2017,CAPARRAPI,526.15,413.5,452.98,1.1
2017,CAQUEZA,84.37,73.38,92.75,1.26
2017,CHAGUANI,892.03,796.48,805.4,1.01
2017,CHOACHI,46.18,42.86,46.95,1.1
2017,EL COLEGIO,1360.65,1217.83,1089.85,0.89
2017,EL PEÑON,396.84,312.25,319.72,1.02
2017,FOMEQUE,133.46,127.48,139.65,1.1
2017,FOSCA,36.33,32.69,41.32,1.26
2017,FUSAGASUGA,657.81,597.06,538.49,0.9
2017,GACHALA,80.97,74.74,62.98,0.84
2017,GACHETA,305.94,297.1,250.36,0.84
2017,GAMA,73.54,73.24,61.72,0.84
2017,GUADUAS,1163.82,1017.08,1028.47,1.01
2017,GUAYABAL DE SIQUIMA,932.49,851.21,560.5,0.66
2017,GUAYABETAL,255.39,200.18,337.37,1.69
2017,GUTIERREZ,60.31,58.55,69.07,1.18
2017,JERUSALEN,137.97,126.83,106.88,0.84
2017,JUNIN,129.64,126.8,96.17,0.76
2017,LA MESA,915.43,804.57,677.99,0.84
2017,LA PALMA,1052.47,808.83,1022.36,1.26
2017,LA PEÑA,142.15,107.38,117.63,1.1
2017,LA VEGA,563.43,487.31,488.1,1.0
2017,MACHETA,165.22,159.41,244.62,1.53
2017,MANTA,204.54,198.81,268.05,1.35
2017,MEDINA,212.97,186.51,188.6,1.01
2017,NILO,649.02,562.11,532.88,0.95
2017,NIMAIMA,33.46,29.5,39.77,1.35
2017,NOCAIMA,46.21,40.69,58.29,1.43
2017,PACHO,954.91,800.22,944.05,1.18
2017,PAIME,695.49,568.31,622.57,1.1
2017,PANDI,284.05,267.03,337.53,1.26
2017,PARATEBUENO,8.11,8.11,6.83,0.84
2017,PASCA,18.93,15.56,15.73,1.01
2017,PULI,701.07,646.57,653.81,1.01
2017,QUEBRADANEGRA,76.02,67.16,73.57,1.1
2017,QUETAME,151.21,138.5,252.55,1.8199999999999998
2017,QUIPILE,1557.57,1417.2,1910.77,1.35
2017,SAN ANTONIO DEL TEQUENDAMA,494.08,449.35,757.31,1.69
2017,SAN BERNARDO,268.98,240.41,303.88,1.26
2017,SAN CAYETANO,461.13,365.61,369.71,1.01
2017,SAN FRANCISCO,594.0,506.23,460.71,0.91
2017,SAN JUAN DE RIOSECO,2042.74,1841.33,1861.96,1.01
2017,SASAIMA,857.52,727.78,1327.09,1.8199999999999998
2017,SILVANIA,508.44,447.54,452.55,1.01
2017,SUPATA,910.64,733.63,865.49,1.18
2017,TENA,372.43,358.69,236.19,0.66
2017,TIBACUY,910.26,809.71,533.18,0.66
2017,TIBIRITA,174.71,170.46,196.26,1.15
2017,TOCAIMA,113.4,104.05,87.68,0.84
2017,TOPAIPI,616.43,511.77,560.63,1.1
2017,UBALA,170.03,141.46,257.95,1.8199999999999998
2017,UBAQUE,97.85,94.88,103.94,1.1
2017,VENECIA,435.0,381.12,256.93,0.67
2017,VERGARA,1375.78,1067.7,1259.6,1.18
2017,VIANI,981.68,852.92,790.6,0.93
2017,VILLAGOMEZ,141.53,109.35,184.29,1.69
2017,VILLETA,136.29,124.57,136.46,1.1
2017,VIOTA,3917.6,3362.22,4113.62,1.22
2017,YACOPI,839.42,734.24,742.47,1.01
2017,ZIPACON,127.23,111.1,73.16,0.66
2018,ALBAN,357.95,313.67,405.52,1.29
2018,ANAPOIMA,71.23,65.58,56.52,0.86
2018,ANOLAIMA,866.72,806.32,1250.92,1.55
2018,APULO,47.33,47.0,40.51,0.86
2018,ARBELAEZ,437.16,401.13,311.15,0.78
2018,BELTRAN,52.03,43.69,37.66,0.86
2018,BITUIMA,450.41,420.63,362.53,0.86
2018,CABRERA,23.06,22.61,19.49,0.86
2018,CACHIPAY,686.48,622.86,858.93,1.38
2018,CAPARRAPI,537.26,433.28,485.47,1.12
2018,CAQUEZA,78.84,64.93,83.94,1.29
2018,CHAGUANI,850.2,794.04,821.24,1.03
2018,CHOACHI,45.08,41.86,46.9,1.12
2018,EL COLEGIO,1288.13,1168.28,1069.35,0.92
2018,EL PEÑON,378.98,313.62,328.45,1.05
2018,FOMEQUE,135.15,129.18,144.74,1.12
2018,FOSCA,32.57,30.46,39.38,1.29
2018,FUSAGASUGA,628.63,562.57,518.95,0.92
2018,GACHALA,81.22,77.0,66.36,0.86
2018,GACHETA,307.44,301.65,259.99,0.86
2018,GAMA,71.35,71.35,61.5,0.86
2018,GUADUAS,1097.88,942.4,974.69,1.03
2018,GUAYABAL DE SIQUIMA,910.25,842.17,544.39,0.65
2018,GUAYABETAL,252.58,212.71,366.66,1.72
2018,GUTIERREZ,50.66,45.95,55.44,1.21
2018,JERUSALEN,134.36,126.25,108.81,0.86
2018,JUNIN,131.43,128.18,99.43,0.78
2018,LA MESA,884.55,807.34,695.83,0.86
2018,LA PALMA,934.59,745.32,963.57,1.29
2018,LA PEÑA,121.52,98.64,110.52,1.12
2018,LA VEGA,519.81,460.22,471.47,1.02
2018,MACHETA,142.92,137.58,215.94,1.5699999999999998
2018,MANTA,200.57,194.83,268.67,1.38
2018,MEDINA,213.54,188.86,195.33,1.03
2018,NILO,585.28,504.27,488.95,0.97
2018,NIMAIMA,34.65,33.54,46.25,1.38
2018,NOCAIMA,41.46,37.14,54.42,1.47
2018,PACHO,834.08,694.01,837.42,1.21
2018,PAIME,628.79,507.04,568.11,1.12
2018,PANDI,250.98,240.59,311.04,1.29
2018,PARATEBUENO,8.11,8.11,6.99,0.86
2018,PASCA,18.18,14.76,15.27,1.03
2018,PULI,677.15,622.78,644.12,1.03
2018,QUEBRADANEGRA,68.9,60.22,67.47,1.12
2018,QUETAME,123.15,111.91,208.72,1.87
2018,QUIPILE,1486.11,1349.78,1861.36,1.38
2018,SAN ANTONIO DEL TEQUENDAMA,460.28,413.47,712.73,1.72
2018,SAN BERNARDO,253.45,231.38,299.13,1.29
2018,SAN CAYETANO,446.89,361.55,373.94,1.03
2018,SAN FRANCISCO,593.23,525.05,488.73,0.93
2018,SAN JUAN DE RIOSECO,1655.6,1431.27,1480.3,1.03
2018,SASAIMA,825.74,709.64,1323.52,1.87
2018,SILVANIA,472.84,424.25,438.78,1.03
2018,SUPATA,903.08,761.65,919.03,1.21
2018,TENA,366.71,346.76,215.58,0.62
2018,TIBACUY,821.59,744.13,462.62,0.62
2018,TIBIRITA,173.59,166.71,196.32,1.18
2018,TOCAIMA,102.87,93.74,80.79,0.86
2018,TOPAIPI,474.85,383.58,429.78,1.12
2018,UBALA,168.14,145.39,271.16,1.87
2018,UBAQUE,99.06,95.27,106.75,1.12
2018,VENECIA,409.2,370.3,255.32,0.69
2018,VERGARA,1294.76,1025.87,1237.85,1.21
2018,VIANI,932.96,811.79,769.63,0.95
2018,VILLAGOMEZ,132.57,106.57,183.7,1.72
2018,VILLETA,131.56,124.25,139.22,1.12
2018,VIOTA,3653.69,3179.36,3978.59,1.25
2018,YACOPI,742.46,671.74,694.75,1.03
2018,ZIPACON,122.55,115.21,71.62,0.62
2019,AGUA DE DIOS,1.0,1.0,1.0,1.0
2019,ALBAN,353.0,314.0,391.0,1.25
2019,ANAPOIMA,71.0,65.0,68.0,1.05
2019,ANOLAIMA,722.0,635.0,750.0,1.18
2019,APULO,45.0,43.0,49.0,1.1400000000000001
2019,ARBELAEZ,406.0,365.0,393.0,1.08
2019,BELTRAN,56.0,47.0,58.0,1.23
2019,BITUIMA,447.0,406.0,472.0,1.16
2019,CABRERA,23.0,23.0,28.0,1.22
2019,CACHIPAY,635.0,570.0,326.0,0.57
2019,CAPARRAPI,524.0,407.0,528.0,1.3
2019,CAQUEZA,77.0,66.0,86.0,1.3
2019,CHAGUANI,811.0,701.0,861.0,1.23
2019,CHOACHI,46.0,46.0,59.0,1.28
2019,EL COLEGIO,1000.0,843.0,1002.0,1.19
2019,EL PEÑON,409.0,329.0,404.0,1.23
2019,FOMEQUE,137.0,124.0,73.5,0.59
2019,FOSCA,32.0,30.0,35.0,1.17
2019,FUSAGASUGA,612.0,538.0,606.0,1.13
2019,GACHALA,82.0,79.0,99.0,1.25
2019,GACHETA,305.0,291.0,240.0,0.82
2019,GAMA,71.0,71.0,70.0,0.99
2019,GUADUAS,1053.0,855.0,1090.0,1.27
2019,GUAYABAL DE SIQUIMA,730.0,624.0,378.0,0.61
2019,GUAYABETAL,255.0,221.0,287.0,1.3
2019,GUTIERREZ,40.0,32.0,41.0,1.28
2019,JERUSALEN,126.0,115.0,128.0,1.11
2019,JUNIN,130.0,124.0,118.0,0.95
2019,LA MESA,839.0,744.0,862.0,1.16
2019,LA PALMA,897.0,661.0,875.0,1.32
2019,LA PEÑA,129.0,103.0,134.0,1.3
2019,LA VEGA,486.0,415.0,514.0,1.24
2019,MACHETA,118.0,114.0,125.0,1.1
2019,MANTA,179.0,172.0,172.0,1.0
2019,MEDINA,189.0,95.0,70.0,0.74
2019,NILO,489.0,431.0,531.0,1.23
2019,NIMAIMA,34.0,30.0,37.0,1.23
2019,NOCAIMA,39.0,34.0,41.0,1.21
2019,PACHO,840.0,643.0,825.0,1.28
2019,PAIME,669.0,599.0,898.5,1.5
2019,PANDI,233.0,213.0,247.0,1.16
2019,PARATEBUENO,9.0,9.0,9.0,1.0
2019,PASCA,16.0,13.0,8.5,0.65
2019,PULI,641.0,583.0,651.0,1.12
2019,QUEBRADANEGRA,71.2,61.0,73.2,1.2
2019,QUETAME,117.0,105.0,126.0,1.2
2019,QUIPILE,1058.0,909.0,1054.0,1.16
2019,SAN ANTONIO DEL TEQUENDAMA,424.0,360.0,419.0,1.16
2019,SAN BERNARDO,231.0,213.0,243.0,1.1400000000000001
2019,SAN CAYETANO,455.0,339.0,421.0,1.24
2019,SAN FRANCISCO,574.0,486.0,603.0,1.24
2019,SAN JUAN DE RIOSECO,1633.0,1399.0,1751.0,1.25
2019,SASAIMA,809.0,640.0,814.0,1.27
2019,SILVANIA,443.0,394.0,468.0,1.19
2019,SUPATA,862.0,728.0,908.0,1.25
2019,TENA,361.0,324.0,337.0,1.04
2019,TIBACUY,732.0,656.0,756.0,1.15
2019,TIBIRITA,166.0,156.0,175.0,1.12
2019,TOCAIMA,96.0,92.0,101.0,1.1
2019,TOPAIPI,480.0,363.0,464.0,1.28
2019,UBALA,166.0,161.0,203.0,1.26
2019,UBAQUE,99.0,95.0,60.5,0.64
2019,VENECIA,385.0,332.0,409.0,1.23
2019,VERGARA,1261.0,969.0,1247.0,1.29
2019,VIANI,912.0,799.0,991.0,1.24
2019,VILLAGOMEZ,129.0,103.0,129.0,1.25
2019,VILLETA,134.0,118.0,145.0,1.23
2019,VIOTA,2971.0,2406.0,2942.0,1.22
2019,YACOPI,690.0,600.0,738.0,1.23
2019,ZIPACON,119.0,111.0,114.0,1.03
2020,AGUA DE DIOS,1.0,1.0,1.0,1.0
2020,ALBAN,351.0,313.0,360.0,1.15
2020,ANAPOIMA,71.0,68.0,65.0,0.96
2020,ANOLAIMA,706.0,626.0,684.0,1.09
2020,APULO,37.0,30.0,31.2,1.04
2020,ARBELAEZ,412.0,366.0,365.0,1.0
2020,BELTRAN,56.0,49.0,56.0,1.1400000000000001
2020,BITUIMA,439.0,398.0,428.0,1.08
2020,CABRERA,23.0,19.0,21.0,1.11
2020,CACHIPAY,620.0,574.0,607.0,1.06
2020,CAPARRAPI,524.0,440.0,528.0,1.2
2020,CAQUEZA,78.0,72.0,86.4,1.2
2020,CHAGUANI,798.0,690.0,784.0,1.1400000000000001
2020,CHOACHI,46.0,45.0,53.1,1.18
2020,EL COLEGIO,996.0,852.0,936.0,1.1
2020,EL PEÑON,414.0,348.0,396.0,1.1400000000000001
2020,FOMEQUE,136.0,122.0,67.5,0.55
2020,FOSCA,32.0,29.0,32.0,1.1
2020,FUSAGASUGA,608.0,537.0,279.0,0.52
2020,GACHALA,81.0,77.0,89.0,1.16
2020,GACHETA,306.0,299.0,227.0,0.76
2020,GAMA,71.0,71.0,65.0,0.92
2020,GUADUAS,994.0,824.0,971.0,1.18
2020,GUAYABAL DE SIQUIMA,717.0,622.0,698.0,1.12
2020,GUAYABETAL,260.0,216.0,259.0,1.2
2020,GUTIERREZ,37.0,32.0,37.44,1.17
2020,JERUSALEN,123.0,114.0,117.0,1.03
2020,JUNIN,133.0,126.0,55.5,0.44
2020,LA MESA,793.0,699.0,748.0,1.07
2020,LA PALMA,889.0,683.0,837.0,1.23
2020,LA PEÑA,136.0,110.0,132.0,1.2
2020,LA VEGA,477.0,414.0,474.0,1.1400000000000001
2020,MACHETA,120.0,118.0,59.5,0.5
2020,MANTA,179.0,174.0,161.0,0.93
2020,MEDINA,178.0,172.0,200.0,1.16
2020,NILO,467.0,410.0,467.0,1.1400000000000001
2020,NIMAIMA,31.0,28.0,16.0,0.57
2020,NOCAIMA,38.0,32.0,35.2,1.1
2020,PACHO,840.0,680.0,806.5,1.19
2020,PAIME,598.0,514.0,619.0,1.2
2020,PANDI,229.0,208.0,223.0,1.07
2020,PARATEBUENO,9.0,9.0,11.25,1.25
2020,PASCA,16.0,13.0,7.5,0.58
2020,PULI,639.0,581.0,600.0,1.03
2020,QUEBRADANEGRA,70.0,62.0,71.3,1.15
2020,QUETAME,116.0,101.0,112.0,1.11
2020,QUIPILE,1054.0,915.0,980.0,1.07
2020,SAN ANTONIO DEL TEQUENDAMA,415.0,368.0,396.0,1.08
2020,SAN BERNARDO,240.0,216.0,227.0,1.05
2020,SAN CAYETANO,457.0,335.0,385.25,1.15
2020,SAN FRANCISCO,552.0,478.0,549.0,1.15
2020,SAN JUAN DE RIOSECO,1631.0,1433.0,1658.0,1.16
2020,SASAIMA,798.0,646.0,760.0,1.18
2020,SILVANIA,359.0,323.0,355.0,1.1
2020,SUPATA,851.0,729.0,840.0,1.15
2020,TENA,344.0,313.0,302.0,0.96
2020,TIBACUY,618.0,529.0,564.0,1.07
2020,TIBIRITA,167.0,158.0,164.0,1.04
2020,TOCAIMA,96.0,91.0,92.82,1.02
2020,TOPAIPI,483.0,393.0,464.0,1.18
2020,UBALA,158.0,151.0,176.67,1.17
2020,UBAQUE,93.0,85.0,100.0,1.18
2020,VENECIA,378.0,330.0,188.0,0.57
2020,VERGARA,1238.0,986.0,1174.0,1.19
2020,VIANI,908.0,814.0,936.1,1.15
2020,VILLAGOMEZ,131.0,109.0,127.0,1.17
2020,VILLETA,134.0,117.0,133.0,1.1400000000000001
2020,VIOTA,2915.0,2362.0,2671.0,1.13
2020,YACOPI,676.0,595.0,676.0,1.1400000000000001
2020,ZIPACON,116.0,107.0,101.65,0.95
2021,AGUA DE DIOS,2.0,2.0,1.8199999999999998,0.91
2021,ALBAN,701.72,631.34,631.34,1.0
2021,ANAPOIMA,143.48,137.86,125.45,0.91
2021,ANOLAIMA,1366.62,1226.56,846.33,0.69
2021,APULO,65.58,52.52,47.79,0.91
2021,ARBELAEZ,794.9,685.28,623.6,0.91
2021,BELTRAN,110.86,105.04,95.59,0.91
2021,BITUIMA,896.32,810.18,583.33,0.72
2021,CABRERA,45.12,39.14,39.53,1.01
2021,CACHIPAY,1174.42,1080.44,983.2,0.91
2021,CAPARRAPI,1078.56,903.7,849.48,0.94
2021,CAQUEZA,165.36,131.68,143.53,1.09
2021,CHAGUANI,1608.6,1394.98,1394.98,1.0
2021,CHOACHI,94.18,87.64,111.3,1.27
2021,EL COLEGIO,2009.34,1753.94,1894.26,1.08
2021,EL PEÑON,863.3,688.26,750.2,1.09
2021,FOMEQUE,280.32,240.98,108.44,0.45
2021,FOSCA,60.94,55.74,55.74,1.0
2021,FUSAGASUGA,1191.16,1038.36,758.0,0.73
2021,GACHALA,129.44,113.04,118.69,1.05
2021,GACHETA,594.8,567.82,391.8,0.69
2021,GAMA,142.78,142.78,129.93,0.91
2021,GUADUAS,2019.3,1714.72,1817.6,1.06
2021,GUAYABAL DE SIQUIMA,1398.04,1198.52,1306.39,1.09
2021,GUAYABETAL,550.24,430.9,469.68,1.09
2021,GUTIERREZ,77.0,70.78,77.15,1.09
2021,JERUSALEN,244.28,225.24,225.24,1.0
2021,JUNIN,274.48,252.02,206.66,0.82
2021,LA MESA,1531.88,1363.52,1322.61,0.97
2021,LA PALMA,1842.0,1461.06,1592.56,1.09
2021,LA PEÑA,279.98,221.1,241.0,1.09
2021,LA VEGA,925.88,786.7,999.11,1.27
2021,MACHETA,231.74,219.74,160.41,0.73
2021,MANTA,354.32,342.96,281.23,0.82
2021,MEDINA,337.14,327.06,444.8,1.3599999999999999
2021,NILO,915.68,777.76,777.76,1.0
2021,NIMAIMA,65.04,56.18,71.35,1.27
2021,NOCAIMA,74.02,62.16,62.16,1.0
2021,PACHO,1794.14,1482.98,1883.38,1.27
2021,PAIME,1211.82,1050.8,1429.09,1.3599999999999999
2021,PANDI,417.88,385.1,454.42,1.18
2021,PARATEBUENO,17.56,17.56,15.98,0.91
2021,PASCA,31.36,25.62,18.7,0.73
2021,PULI,1265.76,1141.34,1232.65,1.08
2021,QUEBRADANEGRA,135.16,123.04,130.42,1.06
2021,QUETAME,238.56,199.88,181.89,0.91
2021,QUIPILE,2157.3,1880.3,1955.51,1.04
2021,SAN ANTONIO DEL TEQUENDAMA,789.18,714.52,650.21,0.91
2021,SAN BERNARDO,449.02,394.46,398.4,1.01
2021,SAN CAYETANO,973.48,761.72,1035.94,1.3599999999999999
2021,SAN FRANCISCO,1053.12,933.82,933.82,1.0
2021,SAN JUAN DE RIOSECO,3291.22,2954.68,2688.76,0.91
2021,SASAIMA,1628.98,1342.3,1315.45,0.98
2021,SILVANIA,738.82,648.74,765.51,1.18
2021,SUPATA,1680.48,1397.66,1271.87,0.91
2021,TENA,668.6,609.8,536.62,0.88
2021,TIBACUY,1263.82,1094.48,897.47,0.82
2021,TIBIRITA,326.78,284.46,230.41,0.81
2021,TOCAIMA,186.0,175.76,159.94,0.91
2021,TOPAIPI,1012.2,876.94,798.02,0.91
2021,UBALA,303.06,276.42,298.53,1.08
2021,UBAQUE,187.28,169.94,154.65,0.91
2021,VENECIA,756.74,674.78,809.74,1.2
2021,VERGARA,2601.42,2088.26,1900.32,0.91
2021,VIANI,1825.66,1663.84,2262.82,1.3599999999999999
2021,VILLAGOMEZ,267.36,239.04,282.07,1.18
2021,VILLETA,279.62,250.28,250.28,1.0
2021,VIOTA,5694.34,4720.16,4295.35,0.91
2021,YACOPI,1191.18,1027.62,1058.45,1.03
2021,ZIPACON,197.72,178.9,162.8,0.91
2022,AGUA DE DIOS,1.0,1.0,0.5,0.5
2022,ALBAN,354.67,323.43,264.91,0.82
2022,ANAPOIMA,62.83,58.7,68.45,1.17
2022,ANOLAIMA,612.94,561.27,317.81,0.57
2022,APULO,30.11,27.94,24.76,0.89
2022,ARBELAEZ,403.28,355.84,259.88,0.73
2022,BELTRAN,55.31,53.58,35.81,0.67
2022,BITUIMA,437.94,397.02,226.29,0.57
2022,CABRERA,22.03,21.19,6.25,0.29
2022,CACHIPAY,567.31,521.18,532.04,1.02
2022,CAPARRAPI,557.58,464.16,382.74,0.82
2022,CAQUEZA,92.01,66.2,68.32,1.03
2022,CHAGUANI,793.93,697.12,380.77,0.55
2022,CHOACHI,50.47,45.57,41.32,0.91
2022,EL COLEGIO,997.85,883.47,948.21,1.07
2022,EL PEÑON,475.74,375.42,358.51,0.95
2022,FOMEQUE,143.39,130.82,158.74,1.21
2022,FOSCA,32.38,28.86,21.5,0.74
2022,FUSAGASUGA,610.32,536.23,356.12,0.66
2022,GACHALA,79.09,57.55,48.87,0.85
2022,GACHETA,299.31,283.95,157.18,0.55
2022,GAMA,73.46,70.03,42.58,0.61
2022,GUADUAS,1015.92,883.79,784.06,0.89
2022,GUAYABAL DE SIQUIMA,698.4,604.23,207.49,0.34
2022,GUAYABETAL,286.32,237.16,223.54,0.94
2022,GUTIERREZ,43.68,34.68,31.68,0.91
2022,JERUSALEN,117.01,105.72,85.8,0.81
2022,JUNIN,139.12,128.02,82.9,0.65
2022,LA MESA,736.32,682.0,560.96,0.82
2022,LA PALMA,925.34,751.99,571.49,0.76
2022,LA PEÑA,135.01,112.24,104.19,0.93
2022,LA VEGA,478.56,412.71,207.91,0.5
2022,MACHETA,119.08,108.49,61.24,0.56
2022,MANTA,177.66,172.49,106.59,0.62
2022,MEDINA,171.07,164.15,173.1,1.05
2022,NILO,437.09,372.95,311.12,0.83
2022,NIMAIMA,32.9,29.49,31.92,1.08
2022,NOCAIMA,39.89,34.27,7.25,0.21
2022,PACHO,923.99,747.32,861.18,1.15
2022,PAIME,596.35,480.81,353.91,0.74
2022,PANDI,207.78,186.38,279.89,1.5
2022,PARATEBUENO,8.78,8.78,6.03,0.69
2022,PASCA,16.34,14.42,7.6899999999999995,0.53
2022,PULI,627.59,589.09,466.52,0.79
2022,QUEBRADANEGRA,68.38,61.16,54.08,0.88
2022,QUETAME,122.86,104.82,83.76,0.8
2022,QUIPILE,1091.43,981.39,862.62,0.88
2022,SAN ANTONIO DEL TEQUENDAMA,374.2,330.01,91.02,0.28
2022,SAN BERNARDO,220.38,202.21,156.68,0.77
2022,SAN CAYETANO,485.89,385.86,49.54,0.13
2022,SAN FRANCISCO,443.67,392.6,373.87,0.95
2022,SAN JUAN DE RIOSECO,1653.93,1507.4,1242.5,0.82
2022,SASAIMA,759.51,621.79,919.07,1.48
2022,SILVANIA,381.7,328.85,329.12,1.0
2022,SUPATA,832.72,720.52,623.09,0.86
2022,TENA,331.79,308.13,297.16,0.96
2022,TIBACUY,637.74,567.45,429.41,0.76
2022,TIBIRITA,168.44,144.25,216.62,1.5
2022,TOCAIMA,82.12,75.99,63.2,0.83
2022,TOPAIPI,515.62,440.82,312.01,0.71
2022,UBALA,150.69,138.6,134.01,0.97
2022,UBAQUE,93.1,86.13,127.26,1.48
2022,VENECIA,369.49,328.17,178.57,0.54
2022,VERGARA,1280.49,1018.27,982.09,0.96
2022,VIANI,916.47,847.0,937.34,1.11
2022,VILLAGOMEZ,130.96,107.92,117.32,1.09
2022,VILLETA,137.41,124.17,105.56,0.85
2022,VIOTA,2751.01,2361.77,1718.58,0.73
2022,YACOPI,577.76,483.22,463.19,0.96
2022,ZIPACON,97.25,93.3,67.92,0.73
2023,AGUA DE DIOS,1.0,1.0,0.5,0.5
2023,ALBAN,340.14,307.26,231.92,0.75
2023,ANAPOIMA,55.07,47.16,57.54,1.22
2023,ANOLAIMA,604.15,550.82,492.29,0.89
2023,APULO,27.34,25.13,5.26,0.21
2023,ARBELAEZ,387.9,354.62,234.98,0.66
2023,BELTRAN,55.38,53.39,19.91,0.37
2023,BITUIMA,438.08,400.13,171.41,0.43
2023,CABRERA,18.2,15.55,15.55,1.0
2023,CACHIPAY,564.85,529.86,581.13,1.1
2023,CAPARRAPI,558.96,482.41,355.29,0.74
2023,CAQUEZA,97.62,79.3,83.15,1.05
2023,CHAGUANI,786.7,682.75,593.88,0.87
2023,CHOACHI,49.93,46.22,31.06,0.67
2023,EL COLEGIO,956.31,859.47,1158.88,1.35
2023,EL PEÑON,487.15,386.22,377.38,0.98
2023,FOMEQUE,147.77,133.8,137.28,1.03
2023,FOSCA,32.96,29.69,25.69,0.87
2023,FUSAGASUGA,610.93,549.93,332.05,0.6
2023,GACHALA,75.9,59.62,56.6,0.95
2023,GACHETA,223.2,213.27,248.31,1.16
2023,GAMA,74.05,67.86,53.37,0.79
2023,GUADUAS,1004.36,887.39,886.66,1.0
2023,GUAYABAL DE SIQUIMA,685.08,591.05,422.71,0.72
2023,GUAYABETAL,294.09,262.9,227.85,0.87
2023,GUTIERREZ,47.45,37.79,28.75,0.76
2023,JERUSALEN,110.59,102.44,89.21,0.87
2023,JUNIN,101.36,93.95,79.08,0.84
2023,LA MESA,705.06,659.16,562.62,0.85
2023,LA PALMA,917.9,755.4,558.94,0.74
2023,LA PEÑA,131.51,113.23,48.97,0.43
2023,LA VEGA,468.82,409.06,286.63,0.7
2023,MACHETA,122.98,110.56,102.39,0.93
2023,MANTA,171.93,168.89,93.61,0.55
2023,MEDINA,181.84,165.79,182.07,1.1
2023,NILO,419.41,363.79,326.14,0.9
2023,NIMAIMA,38.72,34.46,36.05,1.05
2023,NOCAIMA,46.28,40.9,20.91,0.51
2023,PACHO,921.98,744.56,1096.95,1.47
2023,PAIME,607.48,479.33,385.48,0.8
2023,PANDI,204.53,185.14,270.14,1.46
2023,PARATEBUENO,8.78,8.78,3.5,0.4
2023,PASCA,16.34,14.94,9.21,0.62
2023,PULI,578.63,549.6,399.18,0.73
2023,QUEBRADANEGRA,68.87,60.71,47.08,0.78
2023,QUETAME,124.84,113.96,73.76,0.65
2023,QUIPILE,1089.5,997.39,1029.91,1.03
2023,SAN ANTONIO DEL TEQUENDAMA,338.16,294.71,317.45,1.08
2023,SAN BERNARDO,210.16,195.65,236.61,1.21
2023,SAN CAYETANO,462.69,370.12,72.0,0.19
2023,SAN FRANCISCO,436.96,393.8,451.5,1.15
2023,SAN JUAN DE RIOSECO,1613.51,1489.95,1086.82,0.73
2023,SASAIMA,746.31,646.58,970.04,1.5
2023,SILVANIA,395.33,348.9,600.83,1.72
2023,SUPATA,838.32,754.42,618.74,0.82
2023,TENA,330.83,311.45,295.69,0.95
2023,TIBACUY,632.92,590.42,425.17,0.72
2023,TIBIRITA,163.68,147.48,217.62,1.48
2023,TOCAIMA,68.95,65.35,84.07,1.29
2023,TOPAIPI,538.57,450.85,273.7,0.61
2023,UBALA,146.55,139.01,116.23,0.84
2023,UBAQUE,92.74,86.63,112.94,1.3
2023,VENECIA,365.27,332.15,189.14,0.57
2023,VERGARA,1268.96,1037.11,671.86,0.65
2023,VIANI,917.37,817.93,899.72,1.1
2023,VILLAGOMEZ,133.39,110.55,173.83,1.5699999999999998
2023,VILLETA,137.69,125.52,77.38,0.62
2023,VIOTA,2670.82,2346.87,1919.69,0.82
2023,YACOPI,563.09,485.64,504.2,1.04
2023,ZIPACON,96.28,94.27,85.04,0.9
